A Wave Amplitude (uV),B Wave Amplitude (uV),B/A Ratio,A/A0 Ratio,B/B0 Ratio,A Wave Implicit Time (uV),B Wave Implicit Time (uV)
2.9023707343890734,180.99616520582018,62.36149057777709,1.0,1.0,19.1,64.4
7.496182033277417,166.96437738966995,22.273255458375147,2.582778948415529,0.9224746679014224,19.8,52.0
22.38983277778269,148.301759568246,6.623620687127465,7.714325572709986,0.8193640975741356,17.9,47.1
49.35841485480137,171.34100198225084,3.4713635453303775,17.00624054328157,0.9466554265799503,17.8,47.5
0.6513748366764638,164.163237622891,252.02575902456982,0.22442854352084457,0.906998429697184,18.1,65.7
91.3547031428291,211.76645998440625,2.3180685033075816,31.47589040242254,1.1700052304621789,12.9,51.4
99.29756780175956,169.77999058019614,1.7098101629150642,34.21257202783259,0.9380308714669754,10.7,52.5
